"Species","Longitude","Latitude","taxa","x_metres_EPSG_3577_Albers_Equal_Area","y_metres_EPSG_3577_Albers_Equal_Area"
"adinophylla",119.72278,-30.42417,"adinophylla",-1164972.938,-3366885.014
"adinophylla",119.61667,-30.41667,"adinophylla",-1175091.537,-3367020.186
"adinophylla",119.6,-30.4,"adinophylla",-1176849.483,-3365314.171
"adinophylla",119.6,-30.4,"adinophylla",-1176849.483,-3365314.171
"adinophylla",119.6,-30.4,"adinophylla",-1176849.483,-3365314.171
"adinophylla",119.6,-30.4,"adinophylla",-1176849.483,-3365314.171
"adinophylla",119.6,-30.4,"adinophylla",-1176849.483,-3365314.171
"adinophylla",119.6,-30.4,"adinophylla",-1176849.483,-3365314.171
"adinophylla",119.6,-30.4,"adinophylla",-1176849.483,-3365314.171
"adinophylla",119.6,-30.4,"adinophylla",-1176849.483,-3365314.171
"adinophylla",119.6,-30.4,"adinophylla",-1176849.483,-3365314.171
"adinophylla",119.6,-30.4,"adinophylla",-1176849.483,-3365314.171
"adinophylla",119.6,-30.4,"adinophylla",-1176849.483,-3365314.171
"adinophylla",119.63333,-30.4,"adinophylla",-1173696.125,-3365007.556
"adinophylla",119.60833,-30.39167,"adinophylla",-1176151.797,-3364308.282
"adinophylla",119.6,-30.38333,"adinophylla",-1177030.533,-3363454.699
"adinophylla",119.6,-30.38333,"adinophylla",-1177030.533,-3363454.699
"adinophylla",119.66667,-30.38333,"adinophylla",-1170721.821,-3362842.105
"adinophylla",119.6,-30.3833,"adinophylla",-1177030.859,-3363451.352
"adinophylla",119.6231,-30.375,"adinophylla",-1174935.013,-3362312.869
"adinophylla",119.4,-30.36667,"adinophylla",-1196137.646,-3363454.04
"adinophylla",119.66667,-30.36667,"adinophylla",-1170901.794,-3360983.629
"adinophylla",119.583,-30.35,"adinophylla",-1179001.616,-3359893.573
"adinophylla",119.58333,-30.35,"adinophylla",-1178970.381,-3359890.527
"adinophylla",119.6875,-30.3375,"adinophylla",-1169244.958,-3357538.762
"adinophylla",119.68333,-30.33333,"adinophylla",-1169684.719,-3357111.736
"adinophylla",119.68333,-30.33333,"adinophylla",-1169684.719,-3357111.736
"adinophylla",119.6667,-30.3333,"adinophylla",-1171259.449,-3357260.75
"adinophylla",119.6833,-30.3333,"adinophylla",-1169687.883,-3357108.664
"alexandri",114.0333,-22.95,"alexandri",-1819275.491,-2601238.015
"alexandri",113.8,-22.4,"alexandri",-1851466.644,-2543739.796
"alexandri",114,-22.2,"alexandri",-1834393.321,-2518740.398
"alexandri",114,-22.2,"alexandri",-1834393.321,-2518740.398
"alexandri",114,-22.2,"alexandri",-1834393.321,-2518740.398
"alexandri",113.91667,-22.18333,"alexandri",-1843091.503,-2518096.704
"alexandri",114.05,-22.13333,"alexandri",-1830373.986,-2510651.977
"alexandri",114.0067,-22.1097,"alexandri",-1835130.503,-2508660.708
"alexandri",114.0067,-22.1097,"alexandri",-1835130.503,-2508660.708
"alexandri",114.0067,-22.1097,"alexandri",-1835130.503,-2508660.708
"alexandri",114,-22.1,"alexandri",-1835961.399,-2507684.636
"alexandri",114,-22.1,"alexandri",-1835961.399,-2507684.636
"alexandri",114.08333,-22.08333,"alexandri",-1827778.016,-2504646.873
"alexandri",114.05833,-22.075,"alexandri",-1830441.812,-2504083.891
"alexandri",114.05,-22.0667,"alexandri",-1831415.83,-2503285.706
"alexandri",114.05,-22.06667,"alexandri",-1831416.299,-2503282.39
"alexandri",113.91667,-22.05,"alexandri",-1845191.723,-2503358.214
"alexandri",114,-22,"alexandri",-1837529.224,-2496630.661
"alexandri",114,-22,"alexandri",-1837529.224,-2496630.661
"alexandri",114,-22,"alexandri",-1837529.224,-2496630.661
"alexandri",114,-22,"alexandri",-1837529.224,-2496630.661
"alexandri",114,-22,"alexandri",-1837529.224,-2496630.661
"alexandri",114,-22,"alexandri",-1837529.224,-2496630.661
"alexandri",114,-22,"alexandri",-1837529.224,-2496630.661
"alexandri",114,-22,"alexandri",-1837529.224,-2496630.661
"alexandri",114,-22,"alexandri",-1837529.224,-2496630.661
"alexandri",114,-22,"alexandri",-1837529.224,-2496630.661
"alexandri",114,-22,"alexandri",-1837529.224,-2496630.661
"alexandri",114,-22,"alexandri",-1837529.224,-2496630.661
"alexandri",114,-22,"alexandri",-1837529.224,-2496630.661
"alexandri",114,-22,"alexandri",-1837529.224,-2496630.661
"amblyophylla",113.5036,-26.4944,"amblyophylla",-1815264.122,-3001745.896
"amblyophylla",113.6,-26,"amblyophylla",-1813826.704,-2945509.7
"amblyophylla",113.6,-26,"amblyophylla",-1813826.704,-2945509.7
"amblyophylla",113.55,-25.91667,"amblyophylla",-1820065.997,-2936974.197
"aphanoclada",120,-22,"aphanoclada",-1227275.375,-2424648.752
"aphanoclada",120,-22,"aphanoclada",-1227275.375,-2424648.752
"aphanoclada",120,-22,"aphanoclada",-1227275.375,-2424648.752
"aphanoclada",120,-22,"aphanoclada",-1227275.375,-2424648.752
"aphanoclada",120,-22,"aphanoclada",-1227275.375,-2424648.752
"aphanoclada",120,-22,"aphanoclada",-1227275.375,-2424648.752
"aphanoclada",120.2,-22,"aphanoclada",-1206879.48,-2422743.433
"aphanoclada",120.2,-22,"aphanoclada",-1206879.48,-2422743.433
"aphanoclada",120.2,-22,"aphanoclada",-1206879.48,-2422743.433
"aphanoclada",120.0994,-21.9725,"aphanoclada",-1217424.544,-2420641.18
"aphanoclada",120.0994,-21.9725,"aphanoclada",-1217424.544,-2420641.18
"aphanoclada",120.1,-21.9667,"aphanoclada",-1217423.563,-2419990.807
"aphanoclada",120.10556,-21.93944,"aphanoclada",-1217139.297,-2416908.028
"aphanoclada",120.1089,-21.9278,"aphanoclada",-1216919.269,-2415582.525
"aphanoclada",120.0958,-21.8867,"aphanoclada",-1218682.874,-2411139.702
"aphanoclada",120.0958,-21.8867,"aphanoclada",-1218682.874,-2411139.702
"aphanoclada",120.0958,-21.8867,"aphanoclada",-1218682.874,-2411139.702
"aphanoclada",120.11667,-21.88333,"aphanoclada",-1216587.433,-2410566.275
"aphanoclada",120.11667,-21.88333,"aphanoclada",-1216587.433,-2410566.275
"aphanoclada",120.1167,-21.8833,"aphanoclada",-1216584.681,-2410562.655
"aphanoclada",120.1167,-21.8667,"aphanoclada",-1216756.772,-2408717.875
"aphanoclada",120.1167,-21.8667,"aphanoclada",-1216756.772,-2408717.875
"aphanoclada",120.11667,-21.85,"aphanoclada",-1216932.957,-2406862.32
"aphanoclada",120.1317,-21.85,"aphanoclada",-1215398.217,-2406719.243
"aphanoclada",120.1167,-21.8333,"aphanoclada",-1217103.011,-2405006.245
"aphanoclada",120.7156,-21.8167,"aphanoclada",-1156090.178,-2397598.619
"aphanoclada",120,-21.8,"aphanoclada",-1229369.139,-2402423.473
"aphanoclada",120.2,-21.8,"aphanoclada",-1208938.448,-2400514.903
"aphanoclada",120.2,-21.8,"aphanoclada",-1208938.448,-2400514.903
"aphanoclada",120.2,-21.8,"aphanoclada",-1208938.448,-2400514.903
"aphanoclada",120.2,-21.8,"aphanoclada",-1208938.448,-2400514.903
"aphanoclada",120.2,-21.8,"aphanoclada",-1208938.448,-2400514.903
"aphanoclada",120.2,-21.8,"aphanoclada",-1208938.448,-2400514.903
"aphanoclada",120.2,-21.8,"aphanoclada",-1208938.448,-2400514.903
"aphanoclada",120.4,-21.8,"aphanoclada",-1188504.795,-2398638.319
"aphanoclada",120.6,-21.8,"aphanoclada",-1168068.228,-2396793.727
"aphanoclada",120.6,-21.8,"aphanoclada",-1168068.228,-2396793.727
"aphanoclada",120.8,-21.8,"aphanoclada",-1147628.8,-2394981.13
"aphanoclada",120.14833,-21.67556,"aphanoclada",-1215503.335,-2387178.633
"aphanoclada",120.2,-21.6,"aphanoclada",-1210996.719,-2378293.906
"aphanoclada",120.2,-21.6,"aphanoclada",-1210996.719,-2378293.906
"aphylla",116,-32,"aphylla",-1494548.475,-3581042.453
"aphylla",116.2,-32,"aphylla",-1475962.571,-3578717.304
"aphylla",116.2,-32,"aphylla",-1475962.571,-3578717.304
"aphylla",116.2,-32,"aphylla",-1475962.571,-3578717.304
"aphylla",116.2,-32,"aphylla",-1475962.571,-3578717.304
"aphylla",116.2,-32,"aphylla",-1475962.571,-3578717.304
"aphylla",116.2,-32,"aphylla",-1475962.571,-3578717.304
"aphylla",116.2,-32,"aphylla",-1475962.571,-3578717.304
"aphylla",116.2,-32,"aphylla",-1475962.571,-3578717.304
"aphylla",116.2,-32,"aphylla",-1475962.571,-3578717.304
"aphylla",116.2,-32,"aphylla",-1475962.571,-3578717.304
"aphylla",116.14167,-31.95833,"aphylla",-1481960.758,-3574766.112
"aphylla",116.1333,-31.95,"aphylla",-1482854.366,-3573938.386
"aphylla",116.13333,-31.95,"aphylla",-1482851.576,-3573938.038
"aphylla",116.13333,-31.95,"aphylla",-1482851.576,-3573938.038
"aphylla",116.15,-31.95,"aphylla",-1481301.654,-3573744.652
"aphylla",116.1667,-31.95,"aphylla",-1479748.916,-3573551.12
"aphylla",116.1667,-31.95,"aphylla",-1479748.916,-3573551.12
"aphylla",116.1667,-31.95,"aphylla",-1479748.916,-3573551.12
"aphylla",116.13333,-31.93333,"aphylla",-1483082.629,-3572087.212
"aphylla",116.033,-31.917,"aphylla",-1492639.677,-3571442.641
"aphylla",116.2,-31.8,"aphylla",-1478723.216,-3556509.181
"aphylla",116.6,-31.8,"aphylla",-1441471.056,-3551937.651
"aphylla",116.6,-31.8,"aphylla",-1441471.056,-3551937.651
"aphylla",116.6,-31.8,"aphylla",-1441471.056,-3551937.651
"aphylla",116.6,-31.6,"aphylla",-1444162.841,-3529715.322
"auratiflora",118.9,-33.95,"auratiflora",-1202420.113,-3766866.57
"auratiflora",118.9639,-33.2808,"auratiflora",-1204181.672,-3691981.842
"auratiflora",118.6,-33.2,"auratiflora",-1238619.083,-3686486.68
"auratiflora",118.6,-33.2,"auratiflora",-1238619.083,-3686486.68
"auratiflora",119,-33.2,"auratiflora",-1201775.055,-3682666.272
"auratiflora",118.8667,-33.1,"auratiflora",-1215200.722,-3672817.393
"auratiflora",118.86667,-33.08333,"auratiflora",-1215394.558,-3670965.585
"auratiflora",118.86667,-33.08333,"auratiflora",-1215394.558,-3670965.585
"auratiflora",118.88333,-33.08333,"auratiflora",-1213858.22,-3670807.191
"auratiflora",118.88333,-33.08333,"auratiflora",-1213858.22,-3670807.191
"auratiflora",118.84389,-33.00083,"auratiflora",-1218442.55,-3662015.844
"auratiflora",118.8,-33,"auratiflora",-1222502.499,-3662342.905
"auratiflora",118.8,-33,"auratiflora",-1222502.499,-3662342.905
"auratiflora",118.8,-33,"auratiflora",-1222502.499,-3662342.905
"auratiflora",118.8,-33,"auratiflora",-1222502.499,-3662342.905
"auratiflora",118.8,-33,"auratiflora",-1222502.499,-3662342.905
"auratiflora",119.2,-33,"auratiflora",-1185582.957,-3658573.076
"barattensis",139.10444,-31.97444,"barattensis",665174.6654,-3502972.169
"barattensis",139.10444,-31.97444,"barattensis",665174.6654,-3502972.169
"barattensis",139.1,-31.9667,"barattensis",664807.4875,-3502084.407
"barattensis",139.1,-31.9667,"barattensis",664807.4875,-3502084.407
"barattensis",139.25,-31.91667,"barattensis",679155.2913,-3497284.401
"barattensis",138.83333,-31.88333,"barattensis",640360.8766,-3491407.697
"barattensis",138.83333,-31.88333,"barattensis",640360.8766,-3491407.697
"barattensis",139.01667,-31.88333,"barattensis",657524.8706,-3492338.983
"barattensis",139.01667,-31.88333,"barattensis",657524.8706,-3492338.983
"barattensis",139.05,-31.88333,"barattensis",660645.0269,-3492510.931
"barattensis",139.0167,-31.8833,"barattensis",657527.8634,-3492335.785
"barattensis",139.0167,-31.8667,"barattensis",657629.8324,-3490481.063
"barattensis",139.05,-31.8667,"barattensis",660747.6645,-3490652.883
"barattensis",139.05,-31.86667,"barattensis",660747.8496,-3490649.531
"barattensis",139.05,-31.86667,"barattensis",660747.8496,-3490649.531
"barattensis",139.1,-31.86667,"barattensis",665429.1961,-3490909.046
"barattensis",139.02028,-31.86167,"barattensis",657995.9389,-3489937.486
"barattensis",139.00639,-31.85889,"barattensis",656712.4174,-3489555.4
"barattensis",139,-31.85,"barattensis",656168.5596,-3488529.253
"barattensis",139,-31.85,"barattensis",656168.5596,-3488529.253
"barattensis",139,-31.85,"barattensis",656168.5596,-3488529.253
"barattensis",139.01667,-31.85,"barattensis",657729.6086,-3488614.974
"barattensis",139.01667,-31.85,"barattensis",657729.6086,-3488614.974
"barattensis",139.05,-31.85,"barattensis",660850.7363,-3488786.975
"barattensis",139.04167,-31.84167,"barattensis",660122.0453,-3487813.173
"barattensis",139.03333,-31.83333,"barattensis",659392.3557,-3486838.236
"barattensis",139.0333,-31.8333,"barattensis",659389.7307,-3486834.729
"barattensis",138.91056,-31.81528,"barattensis",648002.8953,-3484193.148
"barattensis",138.91806,-31.80889,"barattensis",648744.1866,-3483517.166
"barattensis",138.89528,-31.80167,"barattensis",646653.6475,-3482594.872
"barattensis",138.8,-31.78333,"barattensis",637835.7838,-3480066.39
"barattensis",138.9,-31.78333,"barattensis",647206.6658,-3480569.319
"beadleana",152.91667,-30.58333,"beadleana",1976043.76,-3490826.509
"beadleana",152.4,-29.6,"beadleana",1945180.295,-3374106.324
"beadleana",152.38333,-29.58333,"beadleana",1943901.271,-3372007.081
"beadleana",152.41667,-29.58333,"beadleana",1947053.722,-3372514.785
"beadleana",152.30333,-29.55028,"beadleana",1936922.866,-3367132.813
"beadleana",152.28333,-29.55,"beadleana",1935035.911,-3366798.735
"beadleana",152.28333,-29.55,"beadleana",1935035.911,-3366798.735
"beadleana",152.28333,-29.55,"beadleana",1935035.911,-3366798.735
"beadleana",152.28333,-29.55,"beadleana",1935035.911,-3366798.735
"beadleana",152.31667,-29.55,"beadleana",1938189.722,-3367304.126
"beadleana",152.31667,-29.55,"beadleana",1938189.722,-3367304.126
"beadleana",152.268,-29.542,"beadleana",1933727.444,-3365680.799
"beadleana",152.2675,-29.54194,"beadleana",1933681.204,-3365666.588
"beadleana",152.26806,-29.54167,"beadleana",1933738.967,-3365645.167
"beadleana",152.2678,-29.5383,"beadleana",1933774.07,-3365268.075
"carnosula",125.61667,-32.46667,"carnosula",-594968.3039,-3554393.224
"carnosula",125.5,-32.417,"carnosula",-606115.8508,-3549395.099
"carnosula",125.6,-32.41667,"carnosula",-596800.702,-3548887.46
"carnosula",125.6,-32.41667,"carnosula",-596800.702,-3548887.46
"carnosula",125.4,-32.4,"carnosula",-615530.6331,-3547974.847
"carnosula",125.6,-32.4,"carnosula",-596894.0396,-3547025.829
"carnosula",126.03333,-32.25,"carnosula",-557293.2502,-3528313.6
"carnosula",126.2833,-32.15,"carnosula",-534462.0429,-3516072.249
"carnosula",126.09167,-32.10833,"carnosula",-552580.7163,-3512231.103
"carnosula",126.08333,-32.1,"carnosula",-553403.3032,-3511336.368
"constablei",149.75,-37.41667,"constablei",1573538.329,-4199572.855
"constablei",149.91667,-37.38333,"constablei",1588731.957,-4197988.117
"constablei",149.91667,-37.38333,"constablei",1588731.957,-4197988.117
"constablei",149.91667,-37.38333,"constablei",1588731.957,-4197988.117
"constablei",149.81667,-37.31667,"constablei",1580946.221,-4189453.848
"constablei",149.81667,-37.31667,"constablei",1580946.221,-4189453.848
"constablei",149.8,-37.3,"constablei",1579732.457,-4187423.283
"constablei",149.8,-37.3,"constablei",1579732.457,-4187423.283
"constablei",149.8,-37.3,"constablei",1579732.457,-4187423.283
"constablei",149.8833,-37.3,"constablei",1587077.014,-4188455.703
"constablei",149.85528,-37.28917,"constablei",1584773.302,-4186922.665
"constablei",149.81667,-37.28333,"constablei",1581458.401,-4185805.066
"constablei",149.81667,-37.28333,"constablei",1581458.401,-4185805.066
"constablei",149.85,-37.28333,"constablei",1584397.608,-4186218.033
"constablei",149.85,-37.28333,"constablei",1584397.608,-4186218.033
"constablei",149.85,-37.28333,"constablei",1584397.608,-4186218.033
"constablei",149.8,-37.2667,"constablei",1580243.575,-4183778.608
"constablei",149.8,-37.2667,"constablei",1580243.575,-4183778.608
"constablei",149.8417,-37.2667,"constablei",1583921.536,-4184295.007
"constablei",149.8417,-37.2667,"constablei",1583921.536,-4184295.007
"constablei",149.85,-37.2667,"constablei",1584653.58,-4184397.934
"constablei",149.84167,-37.26667,"constablei",1583919.351,-4184291.351
"constablei",149.84167,-37.26667,"constablei",1583919.351,-4184291.351
"constablei",149.84167,-37.26667,"constablei",1583919.351,-4184291.351
"constablei",149.84167,-37.26667,"constablei",1583919.351,-4184291.351
"constablei",149.84167,-37.26667,"constablei",1583919.351,-4184291.351
"constablei",149.85,-37.26667,"constablei",1584654.042,-4184394.651
"constablei",149.85,-37.26667,"constablei",1584654.042,-4184394.651
"constablei",149.85,-37.26667,"constablei",1584654.042,-4184394.651
"constablei",149.85,-37.26667,"constablei",1584654.042,-4184394.651
"constablei",149.85,-37.26667,"constablei",1584654.042,-4184394.651
"constablei",149.84111,-37.26583,"constablei",1583882.884,-4184192.47
"constablei",149.84111,-37.26583,"constablei",1583882.884,-4184192.47
"constablei",149.8411,-37.2658,"constablei",1583882.463,-4184189.062
"constablei",149.84083,-37.26444,"constablei",1583879.573,-4184036.861
"constablei",149.83611,-37.26111,"constablei",1583514.484,-4183613.873
"constablei",149.83611,-37.26111,"constablei",1583514.484,-4183613.873
"constablei",149.81667,-37.25833,"constablei",1581842.496,-4183068.759
"constablei",149.8361,-37.2528,"constablei",1583641.419,-4182704.178
"constablei",149.83611,-37.25278,"constablei",1583642.609,-4182702.113
"constablei",149.83611,-37.25278,"constablei",1583642.609,-4182702.113
"constablei",149.83611,-37.25278,"constablei",1583642.609,-4182702.113
"constablei",149.83611,-37.25278,"constablei",1583642.609,-4182702.113
"constablei",149.83556,-37.25111,"constablei",1583619.779,-4182512.502
"constablei",149.81667,-37.25,"constablei",1581970.484,-4182156.971
"constablei",149.81667,-37.25,"constablei",1581970.484,-4182156.971
"constablei",149.83333,-37.25,"constablei",1583440.136,-4182363.364
"constablei",149.83333,-37.25,"constablei",1583440.136,-4182363.364
"constablei",149.85,-37.25,"constablei",1584910.643,-4182570.072
"constablei",149.85,-37.25,"constablei",1584910.643,-4182570.072
"constablei",149.85,-37.25,"constablei",1584910.643,-4182570.072
"constablei",149.85,-37.25,"constablei",1584910.643,-4182570.072
"constablei",149.85,-37.25,"constablei",1584910.643,-4182570.072
"constablei",149.85,-37.25,"constablei",1584910.643,-4182570.072
"constablei",149.85,-37.25,"constablei",1584910.643,-4182570.072
"constablei",149.85,-37.25,"constablei",1584910.643,-4182570.072
"constablei",149.88333,-37.25,"constablei",1587850.695,-4182983.94
"constablei",149.91667,-37.25,"constablei",1590791.52,-4183398.7
"constablei",149.8,-37.2,"constablei",1581267.517,-4176477.097
"dangarensis",150.4,-32.4,"dangarensis",1710859.228,-3655488.319
"dangarensis",150.48333,-32.35,"dangarensis",1719359.442,-3651074.1
"dangarensis",150.48333,-32.35,"dangarensis",1719359.442,-3651074.1
"dangarensis",150.48333,-32.35,"dangarensis",1719359.442,-3651074.1
"dangarensis",150.48333,-32.35,"dangarensis",1719359.442,-3651074.1
"dangarensis",150.48333,-32.35,"dangarensis",1719359.442,-3651074.1
"dangarensis",150.48333,-32.35,"dangarensis",1719359.442,-3651074.1
"dangarensis",150.48333,-32.35,"dangarensis",1719359.442,-3651074.1
"dangarensis",150.49167,-32.34167,"dangarensis",1720264.182,-3650264.595
"dangarensis",150.49167,-32.34167,"dangarensis",1720264.182,-3650264.595
"dangarensis",150.46667,-32.33333,"dangarensis",1718089.026,-3649005.275
"dangarensis",150.48333,-32.33333,"dangarensis",1719628.202,-3649229.423
"dangarensis",150.48333,-32.33333,"dangarensis",1719628.202,-3649229.423
"dangarensis",150.48333,-32.33333,"dangarensis",1719628.202,-3649229.423
"dangarensis",150.48333,-32.33333,"dangarensis",1719628.202,-3649229.423
"dangarensis",150.48333,-32.33333,"dangarensis",1719628.202,-3649229.423
"dangarensis",150.48333,-32.33333,"dangarensis",1719628.202,-3649229.423
"dangarensis",150.48333,-32.33333,"dangarensis",1719628.202,-3649229.423
"dangarensis",150.48333,-32.33333,"dangarensis",1719628.202,-3649229.423
"dangarensis",150.48333,-32.33333,"dangarensis",1719628.202,-3649229.423
"dangarensis",150.4833,-32.3333,"dangarensis",1719625.915,-3649225.699
"dangarensis",150.4833,-32.3333,"dangarensis",1719625.915,-3649225.699
"dangarensis",150.4833,-32.3333,"dangarensis",1719625.915,-3649225.699
"dangarensis",150.509,-32.332,"dangarensis",1722021.206,-3649428.013
"dangarensis",150.5006,-32.3317,"dangarensis",1721250.009,-3649281.617
"dangarensis",150.5006,-32.3317,"dangarensis",1721250.009,-3649281.617
"dangarensis",150.50056,-32.33167,"dangarensis",1721246.797,-3649277.758
"dolichophylla",132.96667,-23.75,"dolichophylla",97528.622,-2562956.097
"dolichophylla",132.9,-23.7,"dolichophylla",90841.73051,-2557311.619
"dolichophylla",133.05,-23.68333,"dolichophylla",105997.034,-2555561.77
"dolichophylla",132.9,-23.66667,"dolichophylla",90868.0053,-2553581.951
"dolichophylla",132.9,-23.66667,"dolichophylla",90868.0053,-2553581.951
"dolichophylla",133.03333,-23.66667,"dolichophylla",104329.3208,-2553683.808
"dolichophylla",132.975,-23.65833,"dolichophylla",98447.32003,-2552704.289
"dolichophylla",133.00361,-23.65194,"dolichophylla",101341.6763,-2552011.639
"dolichophylla",132.86667,-23.65,"dolichophylla",87515.56709,-2551693.342
"dolichophylla",132.88333,-23.65,"dolichophylla",89197.85254,-2551704.864
"dolichophylla",132.88333,-23.65,"dolichophylla",89197.85254,-2551704.864
"dolichophylla",132.91667,-23.65,"dolichophylla",92564.43841,-2551728.581
"dolichophylla",132.91667,-23.65,"dolichophylla",92564.43841,-2551728.581
"dolichophylla",132.96667,-23.65,"dolichophylla",97613.29555,-2551765.797
"dolichophylla",132.96667,-23.65,"dolichophylla",97613.29555,-2551765.797
"dolichophylla",132.96667,-23.65,"dolichophylla",97613.29555,-2551765.797
"dolichophylla",132.96667,-23.65,"dolichophylla",97613.29555,-2551765.797
"dolichophylla",132.9667,-23.65,"dolichophylla",97616.32486,-2551765.819
"dolichophylla",132.98333,-23.65,"dolichophylla",99295.57147,-2551778.636
"dolichophylla",132.89556,-23.64889,"dolichophylla",90433.67731,-2551589.257
"dolichophylla",132.89667,-23.64528,"dolichophylla",90548.5985,-2551186.097
"dolichophylla",132.89639,-23.6425,"dolichophylla",90522.50631,-2550874.828
"dolichophylla",132.875,-23.64167,"dolichophylla",88363.09404,-2550766.979
"dolichophylla",132.86667,-23.63333,"dolichophylla",87528.22113,-2549828.039
"dolichophylla",132.8667,-23.6333,"dolichophylla",87531.27367,-2549824.702
"dolichophylla",132.71667,-23.61667,"dolichophylla",72389.79721,-2547870.003
"dolichophylla",133,-23.6,"dolichophylla",101022.648,-2546197.065
"dolichophylla",133,-23.6,"dolichophylla",101022.648,-2546197.065
"hylonoma",145.4667,-17.2667,"hylonoma",1432081.937,-1916653.23
"hylonoma",145.4667,-17.2667,"hylonoma",1432081.937,-1916653.23
"hylonoma",145.85,-17.01667,"hylonoma",1475672.553,-1893564.676
"hylonoma",145.85,-17.01667,"hylonoma",1475672.553,-1893564.676
"hylonoma",145.84167,-17.00833,"hylonoma",1474888.038,-1892553.328
"hylonoma",145.84167,-17.00833,"hylonoma",1474888.038,-1892553.328
"hylonoma",145.8333,-17,"hylonoma",1474099.03,-1891542.682
"hylonoma",145.84167,-16.99167,"hylonoma",1475086.877,-1890725.27
"hylonoma",145.84167,-16.99167,"hylonoma",1475086.877,-1890725.27
"hylonoma",145.84167,-16.99167,"hylonoma",1475086.877,-1890725.27
"hylonoma",145.83333,-16.98333,"hylonoma",1474301.048,-1889713.904
"hylonoma",145.83333,-16.98333,"hylonoma",1474301.048,-1889713.904
"hylonoma",145.83333,-16.98333,"hylonoma",1474301.048,-1889713.904
"hylonoma",145.83333,-16.98333,"hylonoma",1474301.048,-1889713.904
"hylonoma",145.85,-16.98333,"hylonoma",1476070.709,-1889906.391
"hylonoma",145.85,-16.98333,"hylonoma",1476070.709,-1889906.391
"hylonoma",145.85,-16.98333,"hylonoma",1476070.709,-1889906.391
"hylonoma",145.8333,-16.9833,"hylonoma",1474298.221,-1889710.266
"hylonoma",145.8333,-16.9833,"hylonoma",1474298.221,-1889710.266
"hylonoma",145.8333,-16.9833,"hylonoma",1474298.221,-1889710.266
"hylonoma",145.875,-16.975,"hylonoma",1478824.274,-1889281.549
"hylonoma",145.90833,-16.95833,"hylonoma",1482562.515,-1887838.944
"hylonoma",145.9,-16.95,"hylonoma",1481777.908,-1886828.443
"hylonoma",145.8333,-16.9167,"hylonoma",1475092.507,-1882403.428
"hylonoma",145.91667,-16.91667,"hylonoma",1483947.812,-1883365.633
"hylonoma",145.91667,-16.91667,"hylonoma",1483947.812,-1883365.633
"incrassata",116,-32.4,"incrassata",-1488959.952,-3625431.782
"incrassata",116,-32,"incrassata",-1494548.475,-3581042.453
"incrassata",116,-32,"incrassata",-1494548.475,-3581042.453
"incrassata",116,-32,"incrassata",-1494548.475,-3581042.453
"incrassata",116.05,-31.9667,"incrassata",-1490366.278,-3576761.734
"incrassata",115.9167,-31.9167,"incrassata",-1503458.653,-3572773.057
"incrassata",115.96667,-31.9,"incrassata",-1499045.969,-3570331.973
"incrassata",115.96667,-31.9,"incrassata",-1499045.969,-3570331.973
"incrassata",115.9667,-31.9,"incrassata",-1499043.179,-3570331.621
"incrassata",115.9667,-31.9,"incrassata",-1499043.179,-3570331.621
"incrassata",115.9667,-31.9,"incrassata",-1499043.179,-3570331.621
"incrassata",116.01667,-31.88333,"incrassata",-1494628.401,-3567895.462
"incrassata",116.01667,-31.88333,"incrassata",-1494628.401,-3567895.462
"incrassata",116.01667,-31.88333,"incrassata",-1494628.401,-3567895.462
"incrassata",116.01667,-31.88333,"incrassata",-1494628.401,-3567895.462
"incrassata",116.01667,-31.88333,"incrassata",-1494628.401,-3567895.462
"incrassata",116.05,-31.85,"incrassata",-1491992.311,-3563805.331
"incrassata",116,-31.8,"incrassata",-1497343.883,-3558838.679
"incrassata",116,-31.8,"incrassata",-1497343.883,-3558838.679
"incrassata",116,-31.8,"incrassata",-1497343.883,-3558838.679
"incrassata",116,-31.8,"incrassata",-1497343.883,-3558838.679
"incrassata",116,-31.8,"incrassata",-1497343.883,-3558838.679
"incrassata",116,-31.8,"incrassata",-1497343.883,-3558838.679
"incrassata",116,-31.8,"incrassata",-1497343.883,-3558838.679
"incrassata",116,-31.8,"incrassata",-1497343.883,-3558838.679
"incrassata",116,-31.8,"incrassata",-1497343.883,-3558838.679
"incrassata",116,-31.8,"incrassata",-1497343.883,-3558838.679
"incrassata",116,-31.8,"incrassata",-1497343.883,-3558838.679
"incrassata",116,-31.8,"incrassata",-1497343.883,-3558838.679
"incrassata",116.31667,-31.4,"incrassata",-1473341.96,-3510725.756
"incrassata",116.4,-31.4,"incrassata",-1465552.726,-3509767.294
"incrassata",115.7,-31.1667,"incrassata",-1534289.334,-3492064.364
"incrassata",116,-31,"incrassata",-1508532.271,-3469969.919
"incrassata",115.7,-30.66667,"incrassata",-1541416.597,-3436505.91
"incrassata",116.05,-30.2,"incrassata",-1515005.251,-3380435.764
"incrassata",115.4,-30,"incrassata",-1579309.206,-3366069.417
"incrassata",115.4108,-29.7058,"incrassata",-1582558.556,-3333228.917
"incrassata",115.4108,-29.7058,"incrassata",-1582558.556,-3333228.917
"leptoneura",119.45,-31.2167,"leptoneura",-1182066.387,-3457759.493
"leptoneura",117.2,-31.2,"leptoneura",-1393330.445,-3478579.113
"leptoneura",117.2,-31.2,"leptoneura",-1393330.445,-3478579.113
"leptoneura",118.1,-31.18833,"leptoneura",-1309088.3,-3467761.532
"leptoneura",116.855,-29.9025,"leptoneura",-1442855.029,-3338013.024
"leptoneura",116.855,-29.9025,"leptoneura",-1442855.029,-3338013.024
"porcata",151.4,-26,"porcata",1911665.13,-2960090.297
"porcata",151.4,-26,"porcata",1911665.13,-2960090.297
"porcata",151.33694,-25.99722,"porcata",1905545.838,-2958840.066
"porcata",151.32111,-25.99694,"porcata",1904002.528,-2958573.011
"porcata",151.30833,-25.99167,"porcata",1902841.697,-2957798.418
"porcata",151.30833,-25.99167,"porcata",1902841.697,-2957798.418
"porcata",151.34167,-25.99167,"porcata",1906102.244,-2958295.422
"porcata",151.33,-25.98917,"porcata",1905003.222,-2957844.237
"porcata",151.33,-25.98917,"porcata",1905003.222,-2957844.237
"porcata",151.33333,-25.98333,"porcata",1905427.609,-2957246.544
"porcata",151.35,-25.98333,"porcata",1907057.971,-2957495.277
"porcata",151.3333,-25.9833,"porcata",1905425.182,-2957242.771
"porcata",151.275,-25.975,"porcata",1899862.942,-2955454.452
"pterocaulon",115.8,-29.4,"pterocaulon",-1549968.341,-3294448.065
"pterocaulon",115.8,-29.4,"pterocaulon",-1549968.341,-3294448.065
"pterocaulon",115.8,-29.4,"pterocaulon",-1549968.341,-3294448.065
"pterocaulon",115.8,-29.4,"pterocaulon",-1549968.341,-3294448.065
"pterocaulon",115.8,-29.4,"pterocaulon",-1549968.341,-3294448.065
"pterocaulon",115.8,-29.4,"pterocaulon",-1549968.341,-3294448.065
"pterocaulon",115.8333,-29.3667,"pterocaulon",-1547270.65,-3290339.873
"pterocaulon",115.85,-29.35,"pterocaulon",-1545916.99,-3288279.805
"pterocaulon",115.8833,-29.3167,"pterocaulon",-1543216.252,-3284172.399
"pterocaulon",115.88333,-29.31667,"pterocaulon",-1543213.818,-3284168.699
"pterocaulon",115.88333,-29.31667,"pterocaulon",-1543213.818,-3284168.699
"pterocaulon",115.7333,-29.2333,"pterocaulon",-1558689.531,-3276714.976
"pterocaulon",116,-29.21667,"pterocaulon",-1533501.951,-3271637.111
"pterocaulon",116,-29.21667,"pterocaulon",-1533501.951,-3271637.111
"pterocaulon",116.01667,-29.21667,"pterocaulon",-1531912.583,-3271437.118
"pterocaulon",115.8,-29.2,"pterocaulon",-1552804.956,-3272198.103
"pterocaulon",115.8,-29.2,"pterocaulon",-1552804.956,-3272198.103
"pterocaulon",115.8,-29.2,"pterocaulon",-1552804.956,-3272198.103
"pterocaulon",115.8,-29.2,"pterocaulon",-1552804.956,-3272198.103
"pterocaulon",115.8,-29.2,"pterocaulon",-1552804.956,-3272198.103
"pterocaulon",116,-29.2,"pterocaulon",-1533735.489,-3269782.133
"pterocaulon",115.7,-29.16667,"pterocaulon",-1562813.913,-3269709.508
"pubicosta",152.08778,-25.63944,"pubicosta",1985219,-2930636.021
"pubicosta",152.0178,-25.5914,"pubicosta",1979200.259,-2924230.944
"pubicosta",152.01778,-25.59139,"pubicosta",1979198.472,-2924229.527
"pubicosta",152.05,-25.58333,"pubicosta",1982499.174,-2923836.638
"pubicosta",152.05,-25.58333,"pubicosta",1982499.174,-2923836.638
"pubicosta",152.05,-25.58333,"pubicosta",1982499.174,-2923836.638
"pubicosta",152.05,-25.58333,"pubicosta",1982499.174,-2923836.638
"pubicosta",152.05,-25.58333,"pubicosta",1982499.174,-2923836.638
"pubicosta",152.05,-25.58333,"pubicosta",1982499.174,-2923836.638
"pubicosta",152.08333,-25.58333,"pubicosta",1985767.601,-2924354.275
"pubicosta",152.08333,-25.58333,"pubicosta",1985767.601,-2924354.275
"pubicosta",152.08333,-25.58333,"pubicosta",1985767.601,-2924354.275
"pubicosta",152.05056,-25.57583,"pubicosta",1982685.502,-2923014.898
"pubicosta",152.04167,-25.575,"pubicosta",1981828.182,-2922785.059
"pubicosta",152.05833,-25.575,"pubicosta",1983462.059,-2923043.606
"pubicosta",152.05667,-25.57222,"pubicosta",1983347.986,-2922710.026
"pubicosta",152.05,-25.5167,"pubicosta",1983666.584,-2916459.236
"pubicosta",152.05,-25.51667,"pubicosta",1983667.11,-2916455.915
"pubicosta",152.05,-25.51667,"pubicosta",1983667.11,-2916455.915
"pubicosta",150.64167,-24.34167,"pubicosta",1864502.843,-2765097.262
"pubicosta",150.64167,-24.34167,"pubicosta",1864502.843,-2765097.262
"pubicosta",150.55083,-24.27333,"pubicosta",1856588.639,-2756202.452
"pubicosta",146.475,-24.25833,"pubicosta",1450859.623,-2701772.878
"pubicosta",150.58333,-24.25,"pubicosta",1860196.985,-2754090.349
"pubicosta",150.58333,-24.25,"pubicosta",1860196.985,-2754090.349
"pubicosta",150.75,-24.25,"pubicosta",1876761.281,-2756527.964
"pubicosta",150.59167,-24.24167,"pubicosta",1861161.181,-2753288.924
"pubicosta",150.575,-24.225,"pubicosta",1859774.61,-2751199.289
"pubicosta",150.56917,-24.22056,"pubicosta",1859267.02,-2750622.522
"pubicosta",150.6,-24.2,"pubicosta",1862666.08,-2748793.818
"pubicosta",150.7333,-24.1333,"pubicosta",1877010.869,-2743356.312
"pubicosta",150.7333,-24.1333,"pubicosta",1877010.869,-2743356.312
"pubicosta",150.39167,-23.65833,"pubicosta",1850646.826,-2685768.351
"pubicosta",150.39167,-23.65833,"pubicosta",1850646.826,-2685768.351
"pubicosta",150.39167,-23.65833,"pubicosta",1850646.826,-2685768.351
"pubicosta",150.39167,-23.65833,"pubicosta",1850646.826,-2685768.351
"pubicosta",150.44167,-23.64167,"pubicosta",1855911.261,-2684648.762
"pubicosta",150.41667,-23.58333,"pubicosta",1854350.583,-2677825.618
"pygmaea",116.65,-30.83333,"pygmaea",-1449787.526,-3443913.923
"pygmaea",116.64167,-30.825,"pygmaea",-1450682.409,-3443081.999
"pygmaea",116.6333,-30.8167,"pygmaea",-1451580.764,-3442253.924
"pygmaea",116.65,-30.81667,"pygmaea",-1450011.242,-3442060.942
"pygmaea",116.6,-30.8,"pygmaea",-1454936.123,-3440775.32
"pygmaea",116.6,-30.8,"pygmaea",-1454936.123,-3440775.32
"pygmaea",116.6,-30.8,"pygmaea",-1454936.123,-3440775.32
"pygmaea",116.6,-30.8,"pygmaea",-1454936.123,-3440775.32
"pygmaea",116.633,-30.8,"pygmaea",-1451833.469,-3440399.903
"pygmaea",116.628,-30.775,"pygmaea",-1452639.772,-3437676.109
"pygmaea",116.68333,-30.76667,"pygmaea",-1447547.881,-3436121.542
"semicircinalis",116.6833,-30.9,"semicircinalis",-1445764.189,-3450951.638
"semicircinalis",116.65,-30.88333,"semicircinalis",-1449116.133,-3449474.914
"semicircinalis",116.65,-30.8667,"semicircinalis",-1449339.435,-3447625.358
"semicircinalis",116.65,-30.8667,"semicircinalis",-1449339.435,-3447625.358
"semicircinalis",116.65,-30.85,"semicircinalis",-1449563.68,-3445767.987
"semicircinalis",116.65,-30.85,"semicircinalis",-1449563.68,-3445767.987
"semicircinalis",116.65,-30.83333,"semicircinalis",-1449787.526,-3443913.923
"semicircinalis",116.66667,-30.83333,"semicircinalis",-1448220.638,-3443724.852
"semicircinalis",116.6333,-30.8167,"semicircinalis",-1451580.764,-3442253.924
"semicircinalis",116.65,-30.81667,"semicircinalis",-1450011.242,-3442060.942
"semicircinalis",116.65,-30.81667,"semicircinalis",-1450011.242,-3442060.942
"semicircinalis",116.6,-30.8,"semicircinalis",-1454936.123,-3440775.32
"semicircinalis",116.6,-30.8,"semicircinalis",-1454936.123,-3440775.32
"semicircinalis",116.6,-30.8,"semicircinalis",-1454936.123,-3440775.32
"semicircinalis",116.6,-30.8,"semicircinalis",-1454936.123,-3440775.32
"semicircinalis",116.6,-30.8,"semicircinalis",-1454936.123,-3440775.32
"semicircinalis",116.8,-30.8,"semicircinalis",-1436130.681,-3438512.356
"semicircinalis",115.63694,-29.60833,"semicircinalis",-1562500.425,-3319606.844
"semicircinalis",115.63333,-29.58333,"semicircinalis",-1563201.406,-3316870.629
"semicircinalis",115.75,-29.53333,"semicircinalis",-1552829.725,-3309886.626
"simulans",119.41667,-34.25,"simulans",-1151864.048,-3795380.592
"simulans",119.41667,-34.25,"simulans",-1151864.048,-3795380.592
"simulans",119.41667,-34.25,"simulans",-1151864.048,-3795380.592
"simulans",119.2,-34.2,"simulans",-1172189.308,-3791806.402
"simulans",119.4,-34.2,"simulans",-1153933.747,-3789985.644
"simulans",119.4,-34.2,"simulans",-1153933.747,-3789985.644
"simulans",119.4,-34.2,"simulans",-1153933.747,-3789985.644
"simulans",119.4,-34.2,"simulans",-1153933.747,-3789985.644
"simulans",119.45,-34.2,"simulans",-1149369.414,-3789534.92
"simulans",119.4667,-34.2,"simulans",-1147844.887,-3789384.776
"simulans",119.4667,-34.2,"simulans",-1147844.887,-3789384.776
"simulans",119.475,-34.19167,"simulans",-1147178.056,-3788386.262
"simulans",119.46667,-34.18333,"simulans",-1148029.608,-3787536.001
"simulans",119.46667,-34.18333,"simulans",-1148029.608,-3787536.001
"simulans",119.48333,-34.18333,"simulans",-1146508.472,-3787386.391
"simulans",119.48333,-34.18333,"simulans",-1146508.472,-3787386.391
"simulans",119.48333,-34.18333,"simulans",-1146508.472,-3787386.391
"simulans",119.4667,-34.1833,"simulans",-1148027.197,-3787532.403
"simulans",119.4667,-34.1833,"simulans",-1148027.197,-3787532.403
"simulans",119.56667,-34.16667,"simulans",-1139079.282,-3784792.818
"simulans",118.48333,-33.98333,"simulans",-1240132.25,-3774546.161
"simulans",119.2,-33.8,"simulans",-1176650.399,-3747429.695
